"yuiol","tyhujk","(-y√®uio"
"1978-12-05 09:46:55","1","Woods"
"2016-03-01 01:46:13","0","Maye"
"1985-10-29 19:42:10","0","Abshier"
"1984-04-08 13:33:05","1","Remmer"
"1970-07-07 07:44:33","1","Linnet"
"2019-01-02 20:07:10","0","Jannelle"
"1978-08-21 10:20:54","0","Wisnicki"
"1970-01-31 03:06:33","0","Sherer"
"1988-10-29 19:51:02","0","Matejka"
"2005-11-01 05:38:54","1","Kissiah"
"1991-02-28 01:31:29","1","Clare"
"1999-07-14 02:14:15","0","Osanna"
"1983-12-21 07:31:06","1","Mukul"
"2001-03-21 02:42:18","0","Clite"
"1996-07-25 11:37:37","1","Jacquette"
"1979-01-30 10:07:34","0","Nevai"
"2015-07-04 06:33:44","1","Ardelis"
"1986-12-01 09:06:53","0","Hasty"
"2008-10-23 21:29:55","0","Kessiah"
"2011-04-17 18:51:53","0","Zosema"
"1981-03-01 13:34:10","1","Harriet"
"2019-08-08 00:38:30","1","Antons"
"2019-10-25 16:40:28","0","Louie"
"2015-01-07 01:14:26","1","Lombardy"
"2014-04-11 00:12:00","1","Woodberry"
"1975-08-28 21:49:36","0","Moir"
"2010-01-16 02:03:25","0","Eudocia"
"2018-09-29 16:55:02","0","Mohsen"
"1996-04-30 22:01:00","0","Prudi"
"2009-12-22 18:55:49","0","Wooldridge"
"2014-05-18 21:33:13","1","Perceval"
"2018-05-31 08:52:00","1","Campman"
"1982-05-21 18:24:40","0","Shuman"
"2000-12-26 12:01:39","1","Radley"
"1972-07-13 05:04:43","0","Navarro"
"2003-02-14 23:13:28","1","Belak"
"1978-02-25 11:31:43","1","Xenia"
"1979-03-30 06:01:21","0","Kary"
"1973-02-08 14:16:39","1","Ronica"
"1978-07-24 14:40:36","0","Hertha"
"1977-02-25 09:35:11","0","Matthews"
"2012-09-30 03:11:09","0","Garceau"
"1980-06-27 13:01:09","0","Benton"
"1978-01-23 22:48:00","0","Kernan"
"2010-07-10 00:20:05","0","Pool"
"1978-12-18 11:12:02","1","Mendez"
"1975-02-12 00:06:29","1","Teferi"
"2013-04-18 02:19:25","0","Renae"
"1996-02-17 05:54:36","1","Rosenbaum"
"2014-07-26 06:14:51","1","Bennion"
"2011-01-17 08:05:37","1","Desirae"
"2012-11-25 07:03:26","1","Base"
"2011-09-22 17:27:46","0","Shaddock"
"1980-04-11 23:40:13","0","Tedie"
"1998-05-04 11:25:06","1","Abra"
"1975-03-08 07:06:13","0","Swamy"
"2008-10-29 18:01:18","0","Ardyth"
"2016-06-16 20:14:04","0","Montanez"
"1993-07-22 04:15:47","0","Frayne"
"1977-03-21 18:54:20","0","Anabella"
"1980-10-23 18:43:52","0","Carrelli"
"2012-12-15 23:28:14","1","Del"
"1974-08-24 08:04:50","0","Gerald"
"1986-03-03 12:08:53","0","Ad"
"2005-07-09 07:10:32","0","Clarkin"
"1973-06-27 05:56:12","0","Eustashe"
"1987-11-18 15:29:26","0","Kolosick"
